AIRLINE,FLIGHT_NUMBER,TAIL_NUMBER,ORIGIN_AIRPORT,DESTINATION_AIRPORT,SCHEDULED_DEPARTURE,SCHEDULED_ARRIVAL
AS,98,N407AS,ANC,SEA,5,430
AA,2336,N3KUAA,LAX,PBI,10,750
US,840,N171US,SFO,CLT,20,806
AA,258,N3HYAA,LAX,MIA,20,805
AS,135,N527AS,SEA,ANC,25,320
DL,806,N3730B,SFO,MSP,25,602
NK,612,N635NK,LAS,MSP,25,526
US,2013,N584UW,LAX,CLT,30,803
AA,1112,N3LAAA,SFO,DFW,30,545
DL,1173,N826DN,LAS,ATL,30,711
DL,2336,N958DN,DEN,ATL,30,523
AA,1674,N853AA,LAS,MIA,35,803
DL,1434,N547US,LAX,MSP,35,609
DL,2324,N3751B,SLC,ATL,40,615
DL,2440,N651DL,SEA,MSP,40,549
AS,108,N309AS,ANC,SEA,45,509
DL,1560,N3743H,ANC,SEA,45,515
UA,1197,N78448,SFO,IAH,48,626
AS,122,N413AS,ANC,PDX,50,525
DL,1670,N806DN,PDX,MSP,50,603
NK,520,N525NK,LAS,MCI,55,537
AA,371,N3GXAA,SEA,MIA,100,938
NK,214,N632NK,LAS,DFW,103,530
AA,115,N3CTAA,LAX,MIA,105,851
DL,1450,N671DN,LAS,MSP,105,608
UA,1545,N76517,LAX,IAH,115,618
AS,130,N457AS,FAI,SEA,115,548
NK,597,N528NK,MSP,FLL,115,542
US,413,N571UW,LAS,CLT,120,825
AA,2392,N3HRAA,DEN,MIA,120,707
NK,168,N629NK,PHX,ORD,125,549
AA,2211,N3CGAA,PHX,MIA,127,726
AS,136,N431AS,ANC,SEA,135,600
DL,95,N320US,SLC,ATL,140,715
NK,298,N514NK,LAS,IAH,144,634
HA,17,N389HA,LAS,HNL,145,555
US,617,N804AW,ANC,PHX,152,915
UA,1528,N76519,SJU,EWR,154,509
AS,134,N464AS,ANC,SEA,155,633
B6,304,N607JB,SJU,JFK,155,450
NK,451,N633NK,PBG,FLL,155,523
NK,972,N606NK,PHX,DFW,159,502
AA,2459,N3BDAA,PHX,DFW,200,500
AS,144,N514AS,ANC,PDX,200,630
NK,647,N630NK,IAG,FLL,200,504
B6,1990,N597JB,SJU,EWR,206,512
US,699,N172US,PHX,CLT,220,804
AS,114,N303AS,ANC,SEA,220,640
B6,668,N653JB,PSE,MCO,255,500
UA,1162,N37293,BQN,EWR,259,559
B6,1030,N239JB,BQN,MCO,307,500
B6,262,N627JB,SJU,BOS,330,635
B6,2134,N307JB,SJU,MCO,400,605
B6,730,N621JB,BQN,MCO,419,613
B6,768,N317JB,PSE,MCO,424,630
B6,2276,N646JB,SJU,BDL,438,739
US,602,N197UW,ORD,PHX,500,748
AS,695,N607AS,GEG,SEA,500,610
HA,102,N492HA,HNL,ITO,500,549
OO,5467,N701BR,ONT,SFO,500,629
HA,108,N476HA,HNL,KOA,502,544
AS,730,N423AS,ANC,SEA,505,930
HA,206,N484HA,HNL,OGG,505,541
UA,1500,N30401,ORD,IAH,510,805
AA,1323,N3CXAA,MCO,MIA,510,613
NK,103,N616NK,BOS,MYR,510,730
OO,7404,N8982A,HIB,MSP,510,618
OO,7419,N445SW,ABR,MSP,510,619
OO,5254,N746SK,MAF,IAH,510,637
US,480,N676AW,SEA,PHX,515,900
AA,1057,N3ASAA,DFW,MIA,515,856
AA,2454,N3ETAA,BOS,MIA,515,843
EV,4354,N12142,MKE,IAH,515,813
US,425,N174US,PDX,PHX,520,850
AA,89,N3KVAA,IAH,MIA,520,841
DL,2099,N355NW,BNA,DTW,520,803
EV,4685,N26545,BRO,IAH,520,634
EV,5583,N882AS,VPS,ATL,520,726
OO,5484,N824AS,BOI,SFO,520,612
OO,7370,N432SW,BJI,MSP,520,620
HA,103,N477HA,HNL,LIH,523,600
EV,5187,N720EV,BNA,ATL,525,730
MQ,2859,N660MQ,SGF,DFW,525,700
UA,1201,N79521,PHL,IAH,530,820
UA,1221,N37281,PDX,DEN,530,852
UA,1607,N36476,SEA,DEN,530,907
AA,328,N4XKAA,DEN,DFW,530,835
EV,5764,N832AS,SBN,ORD,530,525
F9,1279,N918FR,PHL,MCO,530,810
NK,409,N509NK,ORD,FLL,530,938
OO,5460,N583SW,RDD,SFO,530,700
OO,6391,N593ML,EUG,DEN,530,913
UA,1532,N77066,SFO,DEN,531,857
UA,1167,N66837,ORD,DEN,533,720
UA,1012,N17245,IAD,IAH,535,802
B6,2001,N358JB,BUF,JFK,535,703
B6,2807,N190JB,PWM,JFK,535,700
B6,2023,N324JB,JFK,SJU,535,1020
EV,4557,N12967,CRP,IAH,535,636
EV,5241,N849AS,PIA,DTW,535,803
EV,5498,N132EV,ORD,DTW,535,800
OO,6512,N925SW,FAT,LAX,535,650
UA,1577,N69813,SMF,DEN,538,900
OO,4986,N719SK,AUS,LAX,538,710
B6,727,N292JB,BOS,BWI,540,721
B6,1012,N375JB,ORD,BOS,540,856
DL,824,N3736C,PHX,DTW,540,1123
DL,941,N910DN,MCI,ATL,540,842
DL,2079,N389DA,BOS,DTW,540,803
EV,3268,N14998,ATL,IAD,540,725
EV,4160,N11150,JAX,EWR,540,757
OO,6285,N962SW,MFR,DEN,540,921
OO,5184,N776SK,SLC,IAH,540,953
OO,6358,N926SW,IDA,DEN,541,725
F9,161,N905FR,MSN,DEN,544,709
OO,4833,N554CA,MKE,DTW,545,759
UA,1119,N69810,GEG,DEN,545,904
UA,1237,N65832,SEA,IAH,545,1156
UA,1540,N78509,DCA,IAH,545,814
AA,1433,N4YNAA,SAT,DFW,545,650
AA,2299,N3LLAA,JFK,MIA,545,850
B6,721,N623JB,BOS,PBI,545,910
B6,917,N606JB,BOS,JFK,545,702
B6,939,N794JB,JFK,BQN,545,1026
DL,1890,N377DA,DFW,ATL,545,849
EV,4646,N29917,CHS,EWR,545,741
F9,365,N218FR,MKE,DEN,545,726
F9,117,N933FR,MSP,DEN,545,654
MQ,2926,N932MQ,CHS,DFW,545,755
OO,2599,N435SW,DEN,LAX,545,715
OO,5482,N934SW,SBA,DEN,545,919
OO,6457,N560SW,SMX,LAX,545,651
HA,218,N485HA,HNL,KOA,548,630
B6,515,N337JB,BOS,BUF,549,725
UA,228,N439UA,PDX,EWR,550,1404
US,641,N650AW,IND,PHX,550,750
UA,495,N548UA,LAX,DEN,550,915
UA,507,N808UA,CLE,IAH,550,804
UA,1553,N37290,BOS,EWR,550,718
US,403,N660AW,DEN,PHX,550,749
US,446,N651AW,MCI,PHX,550,748
AA,1178,N573AA,AUS,DFW,550,650
AA,2410,N3BAAA,LAX,DFW,550,1050
DL,2453,N966DL,GSP,ATL,550,649
B6,2228,N231JB,MCO,EWR,550,819
EV,4555,N13133,MCI,IAH,550,805
EV,5698,N835AS,BDL,IAD,550,718
MQ,3534,N925MQ,ABI,DFW,550,645
EV,4339,N14179,RIC,IAH,550,815
OO,6204,N917SW,BFL,DEN,550,920
OO,6261,N107SY,SAT,SFO,550,759
OO,5160,N794SK,OMA,IAH,550,810
OO,6224,N956SW,RDM,DEN,550,913
B6,860,N656JB,FLL,BDL,553,839
EV,5230,N181PQ,CID,ATL,554,905
WN,526,N742SW,SFO,DEN,555,925
UA,1222,N68452,MCO,LAX,555,836
UA,1507,N31412,TPA,EWR,555,831
AA,1094,N3DXAA,SEA,DFW,555,1150
AA,1233,N3HXAA,BOS,DFW,555,930
B6,115,N284JB,SYR,JFK,555,718
B6,185,N334JB,ROC,JFK,555,720
EV,2519,N905EV,TYR,DFW,555,645
EV,3928,N11140,MCI,ORD,555,729
EV,3941,N16561,LAN,ORD,555,604
EV,5976,N27200,BUF,EWR,555,715
MQ,3161,N5PBMQ,XNA,DFW,555,710
EV,5677,N12563,GSO,EWR,556,730
NK,224,N607NK,ORD,LGA,556,900
UA,1457,N76529,LAX,IAH,557,1109
AA,1205,N3FKAA,EWR,MIA,559,902
OO,5547,N910SW,ONT,DEN,559,920
UA,210,N830UA,MSP,DEN,600,719
UA,214,N454UA,PBI,IAH,600,750
UA,247,N462UA,PHX,IAH,600,928
UA,256,N464UA,RSW,IAH,600,736
UA,319,N498UA,EWR,MCO,600,853
UA,374,N415UA,OMA,ORD,600,737
US,635,N544UW,SMF,PHX,600,850
US,646,N654AW,OAK,PHX,600,855
US,1941,N708UW,PVD,CLT,600,819
UA,422,N847UA,RNO,DEN,600,910
UA,544,N831UA,PIT,IAH,600,815
UA,1016,N68807,DEN,IAH,600,922
WN,4122,N486WN,BOS,BWI,600,745
WN,4822,N293WN,LAS,BWI,600,1330
WN,2215,N249WN,ABQ,HOU,600,900
WN,676,N630WN,PHX,SLC,600,735
WN,2787,N910WN,PIT,FLL,600,850
WN,4859,N8641B,PVD,BWI,600,740
WN,597,N768SW,SFO,ATL,600,1340
UA,1158,N73445,SFO,ORD,600,1217
UA,1163,N24224,MCO,EWR,600,834
UA,1188,N68822,PDX,IAH,600,1204
UA,1198,N38451,BOS,ORD,600,753
UA,1224,N87531,SFO,LAX,600,728
UA,1296,N37471,SAT,LAX,600,727
UA,1431,N36207,BOS,LAX,600,944
UA,1637,N33294,SEA,EWR,600,1411
UA,1735,N66814,LAX,ORD,600,1210
US,410,N765US,IAH,PHX,600,750
US,459,N536UW,MCO,PHX,600,841
US,610,N560UW,SFO,PHX,600,854
AA,72,N5EKAA,DFW,MCO,600,925
AA,196,N3FBAA,MIA,PHL,600,844
AA,304,N4XHAA,SLC,DFW,600,950
AA,175,N3EWAA,DCA,DFW,600,835
AA,281,N3FXAA,MIA,DFW,600,814
AA,233,N3BEAA,BWI,MIA,600,843
AA,1100,N3GWAA,DFW,LGA,600,1010
AA,1103,N3HCAA,LGA,DFW,600,905
AA,1028,N3BFAA,DEN,ORD,600,935
AA,1039,N541AA,MCI,DFW,600,745
AA,1055,N573AA,MCO,DFW,600,805
AA,1180,N3AYAA,SFO,DFW,600,1130
AA,1345,N439AA,TUL,DFW,600,715
AA,1297,N3JYAA,LGA,MIA,600,912
AA,1411,N585AA,LIT,DFW,600,720
AA,1084,N3GFAA,MIA,LGA,600,855
AA,1088,N201AA,LAS,DFW,600,1040
AA,1534,N4YPAA,PDX,DFW,600,1145
AA,1573,N467AA,TPA,DFW,600,750
AA,1660,N567AA,SMF,DFW,600,1130
AA,2204,N3GKAA,MSY,MIA,600,849
AA,1515,N3HMAA,LAX,ORD,600,1205
AA,2307,N505AA,OMA,DFW,600,800
AA,2363,N560AA,OKC,DFW,600,705
AS,81,N577AS,SEA,ANC,600,854
AS,162,N792AS,FAI,ANC,600,713
AS,200,N767AS,SEA,SJC,600,803
AS,342,N440AS,SEA,OAK,600,759
AS,406,N589AS,PDX,SJC,600,742
AS,477,N453AS,LAX,SEA,600,850
AS,631,N512AS,PHX,SEA,600,755
AS,683,N618AS,DEN,SEA,600,810
AS,699,N532AS,GEG,SEA,600,715
B6,130,N510JB,RSW,JFK,600,841
B6,154,N536JB,PBI,JFK,600,834
B6,353,N570JB,JFK,PBI,600,858
B6,226,N648JB,TPA,JFK,600,831
B6,272,N556JB,FLL,LGA,600,841
B6,447,N527JB,OAK,LGB,600,720
B6,371,N708JB,LGA,FLL,600,903
B6,583,N531JB,JFK,MCO,600,851
B6,605,N766JB,EWR,FLL,600,900
B6,525,N645JB,JFK,TPA,600,901
B6,746,N587JB,PSE,JFK,600,901
B6,776,N236JB,MSY,JFK,600,948
B6,794,N519JB,AUS,JFK,600,1023
B6,838,N715JB,BQN,JFK,600,852
B6,892,N598JB,TPA,BOS,600,853
B6,1678,N618JB,JAX,JFK,600,808
B6,1790,N203JB,DCA,BOS,600,724
DL,421,N967DL,JFK,ATL,600,843
DL,731,N323NB,LGA,DTW,600,758
DL,743,N341NW,RNO,SLC,600,840
DL,750,N995AT,BOS,JFK,600,720
DL,809,N931DN,BOS,MSP,600,830
DL,904,N3748Y,LGA,ATL,600,839
DL,977,N988DL,ORD,ATL,600,907
DL,1088,N682DA,ANC,MSP,600,1417
DL,1098,N966AT,ATW,ATL,600,923
DL,1205,N612DL,PHX,ATL,600,1127
DL,1234,N912DE,PNS,ATL,600,809
DL,1235,N358NW,MCO,SLC,600,904
AA,1462,N547AA,ONT,DFW,600,1100
AA,913,N3JVAA,DCA,MIA,600,837
DL,1961,N947DN,RIC,ATL,600,753
DL,2154,N813DN,LAX,ATL,600,1310
DL,2282,N974DL,BOS,ATL,600,911
DL,2417,N554NW,LAS,DTW,600,1253
DL,1540,N903DE,OKC,ATL,600,904
DL,1574,N532US,MCO,MSP,600,829
DL,1700,N952DL,MEM,ATL,600,822
DL,1867,N934AT,TUL,ATL,600,858
DL,1937,N905DA,BWI,DTW,600,742
B6,159,N193JB,BOS,PHL,600,739
B6,198,N523JB,MCO,LGA,600,825
B6,1502,N535JB,FLL,JFK,600,843
B6,1504,N640JB,SJU,JFK,600,902
B6,1600,N351JB,BOS,DCA,600,747
EV,2533,N906EV,TYS,DFW,600,735
EV,4213,N17560,MHT,ORD,600,753
EV,4431,N14158,SAV,EWR,600,806
EV,4411,N14568,MEM,EWR,600,938
EV,4756,N13908,CLT,ORD,600,703
EV,4768,N16987,TYS,IAD,600,725
EV,4740,N11107,GRB,ORD,600,703
EV,5103,N846AS,ABE,DTW,600,753
EV,5275,N861AS,JAN,ATL,600,819
EV,5491,N838AS,OAJ,ATL,600,732
EV,5978,N21129,FAR,ORD,600,803
EV,5917,N13997,JAN,ORD,600,814
EV,6133,N12996,ERI,ORD,600,632
EV,6082,N12122,ATW,ORD,600,703
EV,6122,N16559,LEX,ORD,600,630
EV,6143,N12921,CWA,ORD,600,716
F9,865,,MSO,DEN,600,800
F9,1256,,ORD,MIA,600,1000
F9,1104,N211FR,CLE,FLL,600,855
F9,1057,N919FR,IAH,SFO,600,820
F9,144,N924FR,SEA,DEN,600,933
F9,1056,N929FR,SFO,IAH,600,1145
F9,901,N939FR,TTN,ATL,600,819
F9,902,N949FR,ATL,TTN,600,750
HA,202,N491HA,HNL,ITO,600,650
MQ,2898,N514MQ,MAF,DFW,600,710
MQ,2957,N504MQ,AMA,DFW,600,720
MQ,2962,N609MQ,CLL,DFW,600,700
MQ,3014,N908MQ,HOU,DFW,600,710
MQ,3015,N825MQ,DFW,BTR,600,718
MQ,3079,N646MQ,JLN,DFW,600,720
MQ,3189,N532MQ,CID,DFW,600,820
MQ,3302,N649MQ,MLI,DFW,600,825
MQ,3338,N925MQ,GSP,DFW,600,750
MQ,3350,N830MQ,RDU,JFK,600,735
MQ,3355,N618MQ,CVG,MIA,600,833
MQ,3251,N615MQ,MHK,DFW,600,740
MQ,3377,N631MQ,MOB,DFW,600,750
MQ,3441,N698MQ,TLH,DFW,600,730
MQ,3540,N602MQ,PNS,MIA,600,843
MQ,3488,N620MQ,BHM,MIA,600,857
MQ,3597,N612MQ,CVG,DFW,600,745
MQ,3611,N902MQ,CAE,DFW,600,805
MQ,3678,N625MQ,TXK,DFW,600,700
NK,188,N505NK,OAK,LAS,600,723
NK,925,N634NK,DFW,OAK,600,758
NK,943,N605NK,ACY,RSW,600,851
NK,316,N601NK,DTW,LGA,600,738
NK,972,N606NK,DFW,FLL,600,939
OO,2622,N492SW,SMF,LAX,600,730
OO,6360,N952SW,RAP,DEN,600,722
OO,6369,N763SK,TUS,SFO,600,714
OO,5330,N652BR,EAU,ORD,600,719
OO,5292,N971SW,DLH,ORD,600,736
OO,6276,N715SK,FSD,ORD,600,736
OO,6235,N114SY,AUS,SFO,600,809
OO,3489,N227AG,FAT,SEA,600,810
OO,3461,N223AG,ONT,PDX,600,827
OO,7423,N427SW,INL,BRD,600,658
OO,5318,N946SW,CMX,ORD,600,627
OO,5445,N579SW,SMF,SFO,600,652
OO,5242,N744SK,BOI,LAX,600,710
OO,5462,N929EV,SPI,ORD,600,704
OO,5466,N568SW,CLD,LAX,600,651
OO,5550,N594SW,COD,DEN,600,733
OO,5574,N563SW,FAT,SFO,600,714
MQ,3221,N682MQ,CMH,MIA,600,846
MQ,3224,N631MQ,LRD,DFW,600,720
OO,5522,N796SK,PSC,DEN,600,922
OO,5592,N494CA,CPR,DEN,600,712
OO,5604,N292SW,ACV,SFO,600,723
OO,5170,N791SK,DAL,IAH,600,708
OO,5429,N958SW,PAH,ORD,600,733
OO,5435,N976SW,PSC,SFO,600,807
OO,6378,N767SK,CID,ORD,600,708
OO,6401,N740SK,EUG,SFO,600,736
OO,6332,N708SK,DFW,DEN,600,705
OO,6346,N291SW,MRY,SFO,600,646
OO,6465,N495CA,SLC,LAX,600,712
OO,7392,N438SW,ESC,DTW,600,727
OO,6403,N983SW,MFR,SFO,600,729
OO,6497,N913SW,FAT,DEN,600,925
UA,576,N817UA,SFO,EWR,601,1432
UA,1410,N76523,LAS,IAH,601,1056
UA,1689,N39461,EWR,SFO,601,940
EV,6020,N11121,ISN,DEN,601,710
HA,113,N486HA,HNL,LIH,601,638
OO,5629,N726SK,PSP,SFO,601,735
OO,6420,N924SW,PSP,DEN,601,912
UA,223,N816UA,SAT,IAH,602,700
UA,996,N406UA,LAX,EWR,603,1422
UA,1721,N75425,LAX,SFO,603,730
EV,4390,N15986,CLE,IAD,603,725
EV,5732,N833AS,CAE,IAD,603,725
F9,756,N948FR,PHX,DEN,603,750
UA,234,N838UA,SMF,IAH,605,1141
UA,415,N509UA,JFK,SFO,605,949
US,647,N664AW,BOS,PHX,605,1014
US,829,N723UW,BOS,CLT,605,832
US,1743,N839AW,DTW,MIA,605,911
UA,1023,N73276,FLL,EWR,605,859
WN,2505,N467WN,GEG,DEN,605,925
WN,239,N653SW,SAT,STL,605,805
WN,474,N614SW,ONT,DEN,605,925
UA,1245,N39726,CLE,EWR,605,736
US,560,N663AW,DFW,PHX,605,742
AA,310,N201AA,MFE,DFW,605,740
AA,375,N4WLAA,STL,DFW,605,805
AA,378,N3BGAA,SJU,MIA,605,750
AA,1291,N4XYAA,MKE,DFW,605,900
AS,320,N622AS,SEA,SFO,605,810
AS,602,N407AS,SEA,LAS,605,825
B6,233,N247JB,BTV,JFK,605,733
B6,601,N559JB,JFK,FLL,605,913
B6,735,N821JB,SFO,LGB,605,726
B6,922,N809JB,PBI,BOS,605,857
B6,1184,N641JB,MCO,JFK,605,831
B6,1434,N503JB,SJU,MCO,605,813
DL,1065,N975DL,BDL,ATL,605,857
DL,1456,N3759,RDU,ATL,605,735
DL,1723,N336NB,SFO,SLC,605,854
EV,4642,N14143,TUS,IAH,605,927
EV,4928,N933EV,PIA,ATL,605,901
F9,609,N223FR,IND,DEN,605,702
F9,821,N920FR,MCI,DEN,605,654
F9,133,N951FR,DFW,DEN,605,707
MQ,2881,N907MQ,FSM,DFW,605,715
MQ,2771,N667MQ,AEX,DFW,605,725
MQ,3288,N838MQ,SPS,DFW,605,650
MQ,3328,N640MQ,ACT,DFW,605,650
MQ,3408,N625MQ,SJT,DFW,605,705
MQ,3643,N923MQ,JAN,DFW,605,745
HA,286,N480HA,HNL,OGG,605,641
OO,5181,N788SK,OKC,LAX,605,724
OO,6499,N945SW,FAR,DEN,605,726
UA,1160,N76522,SFO,IAH,606,1159
UA,1601,N37466,EWR,FLL,606,915
OO,6461,N959SW,MTJ,DEN,606,715
NK,606,N623NK,RSW,DTW,607,853
OO,7389,N561SW,GCC,RKS,607,724
UA,220,N813UA,MSY,EWR,608,1000
UA,654,N422UA,ORD,MCO,608,951
EV,6119,N16951,RIC,ORD,608,725
OO,5456,N920SW,RDM,SFO,608,750
HA,205,N484HA,OGG,HNL,609,641
OO,4494,N431SW,SJC,SLC,609,911
OO,5370,N979SW,ORD,MBS,610,816
US,1709,N677AW,EWR,CLT,610,811
WN,828,N8303R,PHX,BWI,610,1220
UA,1632,N37464,SEA,IAD,610,1404
UA,1725,N72405,LAS,SFO,610,746
AA,168,N5BSAA,DFW,MIA,610,953
AA,1315,N424AA,BNA,DFW,610,825
AA,1336,N3LCAA,PHX,DFW,610,925
AA,1619,N3AMAA,BOS,MIA,610,946
AA,1686,N4XXAA,LAX,STL,610,1145
AS,345,N469AS,OAK,SEA,610,809
AS,454,N442AS,SEA,LAX,610,845
B6,57,N348JB,BOS,IAD,610,801
B6,24,N923JB,LAX,JFK,610,1424
B6,1279,N355JB,DCA,FLL,610,845
B6,1836,N281JB,DTW,BOS,610,808
AA,1361,N3KYAA,BNA,LAX,610,855
DL,327,N692DL,PHL,ATL,610,845
DL,1492,N819DN,PHX,MSP,610,1016
B6,1554,N760JB,SJU,FLL,610,753
EV,4556,N41104,VPS,IAH,610,809
EV,6071,N14186,GUC,DEN,610,709
F9,1252,N910FR,MIA,LGA,610,905
MQ,3323,N613MQ,RIC,MIA,610,851
MQ,3601,N530MQ,DTW,LGA,610,755
MQ,3551,N663MQ,ORF,MIA,610,846
OO,5572,N970SW,MOT,DEN,610,723
AA,1312,N021AA,STL,MIA,611,1000
B6,269,N834JB,BOS,FLL,611,944
EV,4506,N12552,MLU,IAH,612,725
OO,5337,N961SW,MAF,DEN,612,708
NK,562,N510NK,LAX,LAS,613,721
UA,416,N496UA,PDX,ORD,614,1209
B6,1403,N763JB,JFK,SJU,614,1057
HA,107,N476HA,KOA,HNL,614,656
OO,4681,N783CA,EUG,SLC,614,909
US,1754,N815AW,RNO,PHX,615,902
US,1789,N543UW,PHX,CLT,615,1203
WN,1966,N466WN,CMH,ATL,615,805
WN,2351,N7728D,HOU,ATL,615,905
WN,137,N621SW,HOU,PHX,615,810
AA,1125,N3KCAA,DTW,DFW,615,820
AA,1165,N3ACAA,BOS,JFK,615,730
AA,1581,N3KGAA,DFW,DCA,615,959
AA,2253,N437AA,MSP,DFW,615,900
AS,504,N627AS,SEA,SNA,615,850
B6,99,N274JB,BDL,DCA,615,755
B6,962,N709JB,SJU,BOS,615,922
B6,2006,N566JB,FLL,EWR,615,900
DL,828,N910AT,MOB,ATL,615,823
DL,978,N693DL,SAN,SLC,615,916
DL,985,N352NW,LAS,SLC,615,841
DL,1275,N920DN,DCA,DTW,615,755
DL,2384,N361NB,SMF,SLC,615,853
DL,1610,N385DN,DEN,DTW,615,1119
DL,1866,N827DN,SFO,ATL,615,1345
DL,1919,N321NB,LGA,MSP,615,824
EV,2522,N879AS,LAW,DFW,615,710
EV,2512,N901EV,BRO,DFW,615,750
EV,2572,N876AS,PIB,MEI,615,700
EV,4531,N14204,CHS,IAH,615,807
EV,4655,N13202,MEM,IAH,615,805
EV,5123,N847AS,MGM,ATL,615,806
F9,582,N221FR,SLC,DEN,615,747
F9,439,N931FR,OMA,DEN,615,700
MQ,2958,N657MQ,FAR,DFW,615,915
MQ,3432,N546MQ,DCA,JFK,615,718
MQ,3613,N932MQ,MSN,DFW,615,855
MQ,3568,N528MQ,CMH,LGA,615,750
OO,5348,N562SW,SBP,LAX,615,726
OO,5256,N789SK,COS,IAH,615,934
OO,4747,N810SK,OAK,SLC,615,905
OO,5464,N296SW,LAR,DEN,615,708
OO,5608,N930SW,SAN,LAX,615,707
OO,5636,N237SW,BFL,SFO,615,750
OO,6571,N886AS,DRO,PHX,615,739
OO,6573,N468CA,MRY,PHX,615,901
OO,6616,N897SK,FAT,PHX,615,855
NK,612,N635NK,MSP,ORD,616,745
NK,940,N508NK,DFW,ORD,616,835
OO,6368,N874AS,BIS,DEN,617,717
HA,101,N492HA,ITO,HNL,618,707
B6,762,N775JB,PBI,LGA,619,857
OO,5249,N118SY,SAT,ORD,619,911
UA,207,N446UA,FLL,IAH,620,811
US,1931,N833AW,BUF,CLT,620,819
UA,732,N824UA,SEA,ORD,620,1216
WN,698,N422WN,CMH,FLL,620,910
WN,799,N7736A,LAS,HOU,620,1110
WN,687,N789SW,PVD,MCO,620,930
WN,823,N7707C,SAN,BWI,620,1415
WN,603,N461WN,SAN,MDW,620,1230
WN,885,N276WN,SMF,PHX,620,920
UA,1192,N69804,SAN,DEN,620,945
UA,1568,N24212,SAN,EWR,620,1440
US,460,N640AW,SJC,PHX,620,913
AA,269,N557AA,SJC,DFW,620,1155
AA,1186,N5CPAA,DFW,BOS,620,1045
AA,1390,N496AA,SAN,DFW,620,1125
AA,2420,N3ERAA,LAX,DFW,620,1120
AS,545,N519AS,ONT,SEA,620,900
AA,955,N3AAAA,RDU,MIA,620,830
DL,2129,N911DA,ROC,ATL,620,851
DL,1518,N591NW,MCO,ATL,620,751
DL,1588,N327NB,DCA,MSP,620,805
EV,4468,N14125,CAE,IAH,620,801
EV,5534,N695CA,BTR,ATL,620,848
F9,1338,N906FR,IAD,MSP,620,805
MQ,3205,N680MQ,SAV,DFW,620,825
MQ,3173,N614MQ,GRI,DFW,620,820
NK,470,N534NK,PDX,SAN,620,840
NK,742,N632NK,DFW,MSP,620,839
OO,4762,N935SW,PSP,SLC,620,906
OO,4716,N8903A,ISN,MSP,620,817
OO,5616,N961SW,HLN,DEN,620,818
UA,1026,N39423,MCO,IAH,621,754
B6,1481,N318JB,BOS,RIC,621,814
F9,344,N932FR,BZN,DEN,622,755
OO,4624,N822SK,FAT,SLC,622,910
OO,6372,N742SK,FSD,DEN,622,712
NK,200,N530NK,IAH,ORD,623,855
UA,206,N487UA,EWR,IAH,624,923
DL,1515,N902DE,PIT,DTW,624,750
US,1982,N152UW,FLL,CLT,625,822
UA,525,N471UA,MIA,EWR,625,926
WN,871,N7814B,DEN,ATL,625,1120
WN,343,N8649A,MDW,PHX,625,925
US,598,N561UW,LAX,PHL,625,1424
AA,127,N3GHAA,IAD,DFW,625,855
AA,387,N4XXAA,LAX,AUS,625,1120
AA,1079,N3KKAA,CLT,DFW,625,820
AA,1207,N3DPAA,PHL,DFW,625,920
AA,1343,N3GLAA,DFW,CLT,625,945
AA,1635,N025AA,ATL,DFW,625,755
AA,2379,N3KPAA,RDU,DFW,625,840
AA,2272,N514AA,SAT,DFW,625,735
AS,124,N593AS,FAI,SEA,625,1050
B6,70,N228JB,FLL,BOS,625,925
B6,966,N580JB,RSW,BOS,625,923
DL,891,N924DN,MIA,ATL,625,825
DL,2234,N970DL,BWI,MSP,625,816
DL,2480,N979AT,MDT,ATL,625,851
B6,2180,N368JB,EWR,BOS,625,733
EV,5221,N921EV,SCE,DTW,625,752
F9,308,N935FR,GEG,DEN,625,937
MQ,3609,N836MQ,LEX,DFW,625,805
MQ,3634,N606MQ,VPS,DFW,625,840
NK,969,N516NK,BWI,ORD,625,734
OO,6557,N889AS,SBA,PHX,625,855
OO,6564,N896SK,SBP,PHX,625,906
EV,4418,N14153,PNS,IAH,626,812
OO,6230,N727SK,COS,DEN,626,719
EV,3272,N23139,CLE,ORD,627,654
HA,104,N477HA,LIH,HNL,628,700
OO,7396,N675BR,TWF,SLC,628,720
DL,1592,N723TW,SAN,ATL,629,1330
UA,195,N69818,BDL,ORD,630,809
US,649,N912UY,LAX,PHX,630,849
US,674,N831AW,EWR,PHX,630,1011
US,835,N293AY,PHL,CLT,630,814
UA,572,N404UA,AUS,IAH,630,731
UA,577,N458UA,SFO,EWR,630,1459
OO,5628,N507CA,RNO,SFO,630,743
WN,4570,N8611F,SEA,MDW,630,1230
WN,660,N275WN,SJU,TPA,630,840
UA,1231,N17229,HNL,LAX,630,1408
US,401,N732US,CLT,PHL,630,803
US,433,N601AW,JFK,PHX,630,1018
US,567,N524UW,SAN,PHX,630,853
US,595,N519UW,ONT,PHX,630,844
AA,148,N3EJAA,MIA,CLT,630,835
AA,330,N3EWAA,PBI,ORD,630,840
AA,1381,N492AA,EWR,DFW,630,935
AS,157,N762AS,ANC,OTZ,630,812
AS,499,N551AS,SAN,SEA,630,930
AS,573,N467AS,SAN,PDX,630,910
B6,23,N937JB,JFK,LAX,630,947
B6,1099,N508JB,LGA,MCO,630,931
B6,929,N526JB,JFK,RSW,630,945
B6,1285,N184JB,BOS,PIT,630,828
DL,418,N706TW,SFO,JFK,630,1455
DL,783,N962DN,MSP,ATL,630,1008
DL,1984,N946DN,AUS,ATL,630,937
DL,2114,N397DA,COS,ATL,630,1125
DL,2283,N695DL,DTW,ATL,630,845
DL,2370,N339NB,MSY,LGA,630,1018
DL,1598,N669DN,SEA,ATL,630,1405
DL,1809,N970AT,EWR,ATL,630,917
DL,1872,N6705Y,TPA,ATL,630,758
EV,2549,N909EV,BPT,DFW,630,740
EV,3261,N13123,RIC,IAD,630,727
EV,3929,N13118,EWR,JAX,630,909
EV,4306,N13970,GPT,IAH,630,757
F9,295,N202FR,TPA,DEN,630,835
F9,711,N203FR,RSW,DEN,630,844
F9,1246,N912FR,DEN,DFW,630,920
F9,1108,N947FR,CLE,MCO,630,850
MQ,2913,N600MQ,GPT,DFW,630,825
MQ,3649,N935MQ,MGM,DFW,630,845
OO,2604,N693BR,SAN,LAX,630,725
NK,379,N503NK,ACY,MYR,630,805
OO,5381,N937SW,STC,ORD,630,756
OO,4553,N820SK,BOI,LAX,630,740
OO,5186,N471CA,SFO,SAN,630,802
OO,5581,N755SK,MSP,LAX,630,830
OO,6588,N885AS,BFL,PHX,630,903
UA,1534,N75432,TPA,ORD,631,819
EV,5764,N832AS,ORD,IAD,632,924
HA,114,N493HA,HNL,OGG,632,708
B6,675,N294JB,JFK,MSY,633,904
OO,5297,N908SW,MKE,ORD,633,727
UA,410,N403UA,MIA,ORD,635,855
US,700,N675AW,SEA,PHL,635,1436
WN,1926,N7745A,SAT,ATL,635,950
WN,1119,N965WN,PDX,MDW,635,1230
US,474,N604AW,LAS,PHX,635,846
AA,129,N4WPAA,JAX,DFW,635,825
AA,1349,N4XJAA,MSY,DFW,635,815
AA,1543,N486AA,PIT,DFW,635,855
AA,2220,N586AA,COS,DFW,635,935
AS,240,N569AS,SEA,SAN,635,918
AS,576,N323AS,PDX,SAN,635,854
AS,724,N612AS,SEA,SLC,635,936
B6,475,N599JB,PVD,MCO,635,945
B6,1467,N216JB,HPN,PBI,635,931
AA,1441,N3GYAA,JFK,LAS,635,925
DL,2005,N990DL,MLB,ATL,635,810
DL,2290,N963DN,PIT,ATL,635,844
DL,1864,N360NW,SAN,MSP,635,1219
EV,5579,N136EV,ABE,ATL,635,854
MQ,3443,N635MQ,SPI,DFW,635,850
OO,4758,N440SW,PLN,DTW,635,754
OO,3460,N219AG,PDX,ONT,635,849
UA,665,N401UA,RSW,EWR,638,930
DL,1056,N922DX,SJC,MSP,639,1230
OO,4577,N455SW,CIU,DTW,640,804
US,1718,N939UW,MCO,CLT,640,816
US,1943,N508AY,BWI,CLT,640,814
US,1946,N915US,EWR,CLT,640,841
WN,795,N968WN,AUS,ATL,640,950
WN,692,N221WN,CAK,MCO,640,910
WN,1170,N902WN,FLL,LAS,640,910
WN,653,N934WN,MKE,LAS,640,845
WN,890,N717SA,PHX,MDW,640,1055
WN,832,N8616C,SJC,LAS,640,805
UA,1284,N11206,LAS,EWR,640,1429
UA,1748,N16703,ORD,EWR,640,945
AA,1305,N456AA,DSM,DFW,640,900
AA,1285,N576AA,IAH,DFW,640,750
AA,1562,N475AA,RIC,DFW,640,920
AS,548,N306AS,BLI,SEA,640,717
AS,558,N307AS,PDX,LAX,640,904
AS,560,N435AS,SEA,PSP,640,912
AS,569,N471AS,LAX,PDX,640,910
AS,662,N302AS,SEA,DFW,640,1222
AS,709,N769AS,SLC,SJC,640,743
AA,2476,N3LEAA,BDL,MIA,640,1006
DL,1332,N540US,RSW,ATL,640,828
DL,2135,N990AT,TPA,LGA,640,914
DL,2276,N909DE,MCO,LGA,640,913
DL,2566,N913DN,SFO,MSP,640,1228
EV,2506,N904EV,CRP,DFW,640,800
EV,2555,N830AS,SHV,DFW,640,745
EV,2561,N877AS,BTR,DFW,640,805
EV,2537,N902EV,MLU,DFW,640,800
MQ,2775,N613MQ,PIA,DFW,640,905
MQ,2966,N855MQ,ROW,DFW,640,905
MQ,3359,N905MQ,FWA,DFW,640,830
MQ,3476,N653MQ,CHS,MIA,640,820
MQ,3589,N692MQ,GSO,MIA,640,856
NK,705,N588NK,LGA,FLL,640,946
NK,567,N504NK,DTW,ATL,640,834
NK,417,N587NK,DTW,FLL,640,946
OO,3456,N217AG,PDX,BUR,640,850
OO,5492,N703SK,MSN,ORD,640,737
OO,6495,N932EV,COS,LAX,640,825
OO,5291,N564SW,GCC,DEN,642,829
UA,536,N852UA,LAX,IAH,644,1201
UA,259,N427UA,SNA,IAH,645,1205
UA,792,N802UA,BUF,ORD,645,731
VX,922,N361VA,SFO,LAX,645,805
WN,3213,N8612K,DAL,MDW,645,905
WN,2599,N912WN,LIT,DAL,645,800
WN,2199,N400WN,MHT,MCO,645,1010
WN,3739,N780SW,ALB,MCO,645,1000
WN,1188,N783SW,SAT,BWI,645,1050
WN,4563,N642WN,OKC,ATL,645,950
US,593,N163US,SNA,PHX,645,911
AA,323,N520AA,DFW,STL,645,820
AA,1107,N3ADAA,LGA,DFW,645,1000
AA,1234,N3MCAA,LAS,ORD,645,1215
AA,1283,N3CRAA,BNA,MIA,645,1005
AA,1287,N3BBAA,MSP,MIA,645,1130
AA,1300,N3FRAA,SNA,DFW,645,1150
AA,2326,N3KEAA,MIA,DCA,645,915
B6,318,N183JB,JFK,BOS,645,756
B6,1137,N374JB,BOS,DTW,645,910
DL,716,N944DL,OMA,ATL,645,1009
DL,765,N329NB,PIT,MSP,645,819
DL,801,N633DL,SNA,ATL,645,1401
DL,827,N678DL,FLL,ATL,645,839
DL,860,N324NB,SNA,MSP,645,1230
DL,886,N918DL,ATL,LGA,645,853
DL,1135,N309DE,BHM,ATL,645,854
DL,1324,N908DE,BNA,ATL,645,859
AA,1449,N3KDAA,FLL,DFW,645,900
DL,246,N391DA,SAN,JFK,645,1459
AA,2395,N469AA,BHM,DFW,645,900
EV,4438,N26141,HOB,IAH,645,922
EV,6042,N21144,LNK,DEN,645,724
F9,110,N206FR,DEN,MSP,645,940
F9,782,N219FR,LAS,DEN,645,934
F9,268,N921FR,SNA,DEN,645,1010
MQ,2965,N637MQ,SGF,DFW,645,820
MQ,3009,N651MQ,CMI,DFW,645,910
MQ,3431,N820MQ,COU,DFW,645,845
NK,301,N626NK,BWI,FLL,645,922
NK,725,N525NK,MCI,IAH,645,835
OO,6262,N953SW,GTF,DEN,645,842
OO,4811,N443SW,BNA,CVG,645,857
OO,6502,N785SK,SNA,SFO,645,820
OO,6523,N754SK,PHX,LAX,645,721
OO,4974,N792SK,ATL,IAH,646,802
OO,7385,N301YV,EKO,SLC,646,850
B6,1208,N273JB,IAD,JFK,647,800
HA,338,N481HA,HNL,KOA,647,729
OO,6291,N706SK,FAT,SFO,648,755
DL,1212,N582NW,LAX,MSP,649,1227
UA,284,N832UA,PHX,SFO,650,804
US,1866,N626AW,PIT,CLT,650,829
US,2071,N553UW,MSP,CLT,650,1030
WN,985,N8315C,BWI,MCO,650,930
WN,739,N927WN,MSY,ATL,650,915
WN,2964,N481WN,PHX,DAL,650,1000
UA,1291,N33209,FLL,ORD,650,912
US,408,N521UW,PHL,PHX,650,1015
AA,338,N3DJAA,LAX,SFO,650,810
AA,1371,N477AA,MEM,DFW,650,835
AA,1318,N5CDAA,BOS,DFW,650,1030
AA,1595,N553AA,AUS,DFW,650,755
AA,2226,N426AA,DFW,TPA,650,1005
AA,2429,N4XPAA,CLE,DFW,650,905
AA,2424,N3DLAA,LAX,DFW,650,1150
AS,321,N613AS,SJC,SEA,650,854
AS,582,N611AS,PDX,SNA,650,909
AS,629,N626AS,LAS,PDX,650,906
AS,805,N588AS,SEA,SMF,650,840
B6,148,N659JB,LGB,OAK,650,812
DL,476,N196DN,LAX,JFK,650,1509
DL,1085,N994AT,AVL,ATL,650,755
DL,2512,N937AT,HSV,ATL,650,858
EV,6175,N13124,BNA,ORD,650,840
MQ,3082,N918MQ,SAF,DFW,650,925
MQ,2973,N628MQ,GRR,DFW,650,905
MQ,3294,N509MQ,XNA,ORD,650,840
MQ,3268,N694MQ,SUX,ORD,650,830
MQ,3419,N939MQ,LFT,DFW,650,815
NK,729,N629NK,ORD,TPA,650,1033
OO,5536,N779SK,PSP,IAH,650,1148
OO,5428,N679SA,HYS,DEN,650,704
UA,464,N434UA,BOS,EWR,651,817
HA,332,N483HA,HNL,ITO,651,741
AA,1101,N5ENAA,JFK,MIA,652,1010
NK,111,N522NK,DTW,LAS,652,825
UA,1077,N37462,EWR,MIA,653,951
UA,1510,N37255,SAN,IAH,653,1201
UA,204,N810UA,DFW,IAH,654,803
US,773,N701UW,RIC,CLT,655,812
US,1960,N644AW,TPA,CLT,655,835
UA,670,N457UA,TPA,EWR,655,930
WN,707,N706SW,CAK,ATL,655,855
WN,537,N799SW,MCO,ATL,655,830
WN,897,N427WN,ABQ,DAL,655,940
WN,753,N443WN,PVD,FLL,655,1015
WN,969,N268WN,PHL,FLL,655,945
WN,4120,N247WN,PHL,LAS,655,940
AA,299,N857AA,MIA,DEN,655,922
AA,367,N494AA,TUL,DFW,655,810
AA,222,N3JSAA,LAX,BOS,655,1515
AA,1104,N3LAAA,DFW,LGA,655,1105
AA,1373,N549AA,BWI,DFW,655,935
AA,2401,N858AA,DFW,LAX,655,820
B6,16,N934JB,SFO,JFK,655,1517
DL,1071,N932DN,MKE,MSP,655,825
DL,2090,N698DL,PDX,MSP,655,1218
B6,2324,N206JB,MCO,DCA,655,859
B6,2702,N571JB,JFK,BUF,655,829
DL,1651,N954DN,MSP,LAS,655,833
DL,1818,N555NW,ATL,MCO,655,822
EV,3924,N14960,MFE,IAH,655,809
F9,907,N926FR,TTN,RDU,655,828
MQ,3063,N511MQ,ELP,ORD,655,1050
MQ,3110,N688MQ,HSV,ORD,655,905
MQ,3188,N507MQ,ABQ,ORD,655,1030
UA,821,N490UA,RDU,SFO,657,958
UA,312,N833UA,EWR,LAX,659,1025
US,823,N128UW,DCA,CLT,659,828
UA,1052,N69838,MCO,EWR,659,931
AA,1553,N3JNAA,DCA,MIA,659,944
B6,15,N944JB,JFK,SFO,659,1043
B6,453,N652JB,JFK,PBI,659,1002
DL,1547,N997DL,LGA,ATL,659,943
OO,6618,N506CA,PSP,PHX,659,907
OO,5366,N930EV,DVL,JMS,700,738
UA,356,N432UA,ALB,ORD,700,839
UA,392,N456UA,PDX,SFO,700,853
UA,417,N429UA,EWR,TPA,700,1001
US,852,N715UW,JAX,CLT,700,827
US,1722,N825AW,CLE,CLT,700,843
US,1877,N826AW,CLT,MIA,700,859
US,1961,N566UW,IAH,CLT,700,1022
US,1978,N827AW,IND,CLT,700,838
US,2064,N538UW,DFW,CLT,700,1028
UA,463,N482UA,LGA,ORD,700,839
UA,514,N411UA,BOS,IAH,700,1033
UA,521,N854UA,BOS,ORD,700,858
UA,736,N522UA,SFO,EWR,700,1526
UA,795,N843UA,SNA,DEN,700,1022
UA,1027,N38424,SFO,IAH,700,1252
VX,399,N852VA,JFK,LAX,700,1025
VX,897,N845VA,LAS,SFO,700,825
WN,473,N423WN,BUF,FLL,700,1015
WN,309,N657SW,BWI,HOU,700,940
WN,369,N8312C,BWI,LAS,700,930
WN,4635,N8305E,CLE,PHX,700,940
WN,1019,N792SW,DCA,DAL,700,930
WN,194,N939WN,ISP,FLL,700,1005
WN,2511,N7735A,MDW,DAL,700,930
WN,767,N497WN,MDW,TPA,700,1045
WN,390,N283WN,MSP,MDW,700,835
WN,443,N628SW,PIT,MCO,700,930
WN,921,N962WN,SAT,BNA,700,900
WN,2373,N237WN,HOU,MCO,700,1010
UA,1195,N57864,MCO,SFO,700,1000
UA,1697,N14107,EWR,DEN,700,930
US,424,N161UW,ORD,PHX,700,1003
US,461,N540UW,ATL,CLT,700,812
US,568,N565UW,SLC,PHX,700,849
US,590,N758US,BOI,PHX,700,908
US,621,N185UW,DCA,PHX,700,1020
AA,9,N792AA,JFK,LAX,700,1020
AA,17,N019AA,ATL,MIA,700,852
AA,118,N788AA,LAX,JFK,700,1525
AA,68,N5EGAA,SFO,MIA,700,1524
AA,201,N3LJAA,BOS,LAX,700,1035
AA,204,N5DXAA,MIA,LAS,700,928
AA,309,N4YDAA,DFW,BNA,700,840
AA,315,N3MAAA,LGA,ORD,700,845
AA,1242,N489AA,FAT,DFW,700,1215
AA,1247,N3CHAA,BOS,ORD,700,905
AA,1258,N491AA,LAS,DFW,700,1145
AA,1273,N023AA,MIA,IAH,700,858
AA,1354,N504AA,DFW,MCO,700,1030
AA,1529,N5DHAA,MCO,LAX,700,935
AA,1582,N5EYAA,MIA,BOS,700,1013
AA,1699,N425AA,TPA,DFW,700,850
AA,1507,N3KXAA,SEA,DFW,700,1250
AA,1513,N008AA,DFW,ATL,700,1005
AA,1648,N571AA,TUS,DFW,700,1010
AA,2291,N859AA,DFW,MIA,700,1043
AA,2451,N3HTAA,LGA,MIA,700,1017
AS,17,N419AS,EWR,SEA,700,1011
AS,39,N459AS,MSP,SEA,700,845
AS,112,N527AS,ANC,SEA,700,1130
AS,311,N705AS,PSP,SFO,700,835
AS,313,N703AS,SFO,SEA,700,900
AS,405,N565AS,SJC,PDX,700,845
AS,415,N413AS,PDX,SEA,700,750
AS,445,N579AS,LAX,SEA,700,950
AS,466,N309AS,SEA,LAX,700,945
AS,519,N614AS,SNA,SEA,700,1000
AS,531,N529AS,BUR,SEA,700,930
AS,615,N320AS,LAS,SEA,700,934
AS,663,N536AS,PHX,PDX,700,848
AS,722,N403AS,SLC,LAX,700,805
AS,833,N566AS,PDX,HNL,700,1110
AS,847,N558AS,SAN,OGG,700,1057
AS,883,N531AS,OAK,LIH,700,1044
B6,288,N806JB,LAX,BOS,700,1519
B6,289,N373JB,BOS,DCA,700,851
B6,619,N638JB,BOS,SAN,700,1036
B6,723,N804JB,DCA,MCO,700,923
B6,1109,N651JB,BOS,JAX,700,1008
B6,1121,N561JB,PDX,LGB,700,916
B6,1031,N339JB,BOS,HOU,700,1036
B6,1039,N296JB,BOS,AUS,700,1055
B6,2007,N594JB,PIT,FLL,700,948
DL,364,N547US,SEA,LAX,700,933
DL,400,N381DN,PDX,JFK,700,1513
DL,424,N194DN,JFK,LAX,700,1040
DL,822,N3743H,SEA,DTW,700,1415
DL,854,N667DN,SFO,DTW,700,1433
DL,872,N938DN,DCA,ATL,700,906
DL,1183,N987DL,ORF,ATL,700,900
DL,1280,N906DE,DAB,ATL,700,828
DL,1305,N357NW,PBI,ATL,700,849
DL,1440,N3766,SLC,MSP,700,1043
DL,1453,N589NW,SEA,MSP,700,1216
AA,1461,N4YRAA,DAY,DFW,700,855
DL,1971,N934DN,MSP,PHX,700,934
DL,2017,N326US,LGA,PBI,700,1009
DL,2123,N913DE,RSW,LGA,700,949
DL,2151,N329NW,MIA,LGA,700,959
DL,2180,N938DL,CLE,ATL,700,905
DL,2351,N911DE,PBI,LGA,700,948
DL,2365,N399DA,JFK,SJU,700,1150
DL,2539,N353NW,MKE,ATL,700,1008
B6,2784,N283JB,RDU,BOS,700,849
DL,46,N704X,JFK,SFO,700,1043
DL,1498,N958AT,FLL,LGA,700,954
DL,1506,N812DN,LAX,DTW,700,1427
DL,1795,N3757D,LAS,JFK,700,1445
DL,1894,N6704Z,MSP,MIA,700,1146
DL,1925,N534US,MSP,RSW,700,1130
AA,2393,N3APAA,JFK,MCO,700,1005
EV,4513,N14950,CLE,ORD,700,733
EV,4524,N14974,LFT,IAH,700,805
EV,4871,N878AS,SHV,ATL,700,939
EV,4987,N710EV,ROC,LGA,700,827
EV,5423,N724EV,CID,MSP,700,819
EV,5755,N834AS,PVD,ORD,700,856
F9,1061,N201FR,ORD,PHX,700,950
F9,1120,N208FR,CLE,RSW,700,950
F9,676,N908FR,DEN,MCO,700,1225
F9,681,N928FR,MCO,DEN,700,913
MQ,2841,N667MQ,DFW,DSM,700,848
MQ,2852,N625MQ,GRK,DFW,700,755
MQ,2871,N645MQ,PNS,DFW,700,910
MQ,3024,N611MQ,GJT,DFW,700,1025
MQ,3051,N802MQ,HPN,ORD,700,855
MQ,2991,N686MQ,BMI,DFW,700,925
MQ,3362,N507MQ,DFW,MAF,700,808
NK,231,N620NK,ATL,FLL,700,848
NK,259,N532NK,ACY,FLL,700,948
NK,183,N521NK,LBE,RSW,700,930
NK,193,N502NK,IAH,LAS,700,820
NK,198,N621NK,FLL,MCO,700,757
NK,610,N608NK,FLL,BOS,700,1004
OO,6194,N758SK,ASE,DEN,700,759
OO,6272,N915SW,BUR,SFO,700,826
OO,3479,N218AG,SAN,SLC,700,950
HA,217,N485HA,KOA,HNL,700,742
OO,4623,N812SK,SEA,PDX,700,800
OO,5471,N576SW,RKS,DEN,700,827
OO,5632,N566SW,SBA,SFO,700,838
OO,6225,N124SY,BOI,ORD,700,1129
OO,7382,N659BR,CPR,SLC,700,854
OO,5633,N479CA,COS,DEN,701,753
UA,296,N470UA,ORD,DEN,702,847
UA,656,N402UA,PHX,ORD,702,1121
UA,1441,N38417,MSY,IAH,702,820
UA,1764,N14228,CLE,RSW,702,1000
AA,130,N012AA,MIA,TPA,702,806
EV,4221,N14570,BTR,IAH,702,815
EV,6159,N48901,BTV,ORD,704,840
NK,410,N630NK,FLL,BWI,704,929
OO,6382,N824AS,SFO,BOI,704,946
UA,761,N549UA,ORD,SFO,705,945
VX,12,N842VA,SFO,JFK,705,1534
WN,2851,N217JC,BDL,FLL,705,1020
WN,1108,N625SW,BWI,FLL,705,940
WN,1432,N346SW,CMH,TPA,705,930
WN,1863,N253WN,DAL,BWI,705,1055
WN,665,N684WN,DAL,STL,705,840
WN,323,N340LV,FLL,BWI,705,940
WN,2041,N8317M,MCO,LAS,705,920
WN,4649,N8302F,MDW,MCO,705,1050
WN,893,N737JW,OAK,HOU,705,1245
WN,552,N291WN,SAT,ELP,705,740
WN,3239,N905WN,TPA,BWI,705,925
WN,1912,N554WN,TUS,DEN,705,855
UA,1660,N17730,SNA,EWR,705,1524
US,445,N187US,RDU,CLT,705,810
